Workbook

Sheet Dashboard
A1: PALESTINE INVESTMENT BANK — Performance Dashboard
A4: Total Deposits | D4: Total Loans | G4: Total Accounts | J4: Active Accounts
A5: =SUMIFS(Accounts!G:G,Accounts!G:G,">0") -> 38373000 | D5: =-SUMIFS(Accounts!G:G,Accounts!E:E,"Loan") -> 7312000 | G5: =COUNTA(Accounts!A:A)-1 -> 320 | J5: =COUNTIFS(Accounts!H:H,"Active") -> 289
A8: Balance by Branch | H8: Balance by Account Type
A24: Monthly Deposits vs Withdrawals | H24: Accounts by Segment
A41: Loan-to-Deposit Ratio (LDR) by Branch
H42: Overall Loan-to-Deposit Ratio
H43: =-SUMIFS(Accounts!G:G,Accounts!E:E,"Loan")/SUMIFS(Accounts!G:G,Accounts!G:G,">0") -> 0.19055065

Sheet Accounts
A1: Account ID | B1: Customer | C1: Branch | D1: Segment | E1: Account Type | F1: Open Date | G1: Balance ($) | H1: Status
A2: 1000 | B2: Tariq Najjar | C2: Tulkarm | D2: Retail | E2: Current | F2: 44104 | G2: 18000 | H2: Active
A3: 1001 | B3: Omar Khalil | C3: Nablus | D3: Retail | E3: Fixed Deposit | F3: 44829 | G3: 322000 | H3: Active
A4: 1002 | B4: Adel Daoud | C4: Jenin | D4: Retail | E4: Current | F4: 45762 | G4: 13000 | H4: Active
A5: 1003 | B5: Faris Shahin | C5: Nablus | D5: SME | E5: Savings | F5: 45960 | G5: 48000 | H5: Active
A6: 1004 | B6: Yousef Zaid | C6: Jenin | D6: Retail | E6: Loan | F6: 44657 | G6: -28000 | H6: Active
A7: 1005 | B7: Yousef Hassan | C7: Hebron | D7: Retail | E7: Savings | F7: 45297 | G7: 30000 | H7: Active
A8: 1006 | B8: Salma Qasem | C8: Ramallah | D8: SME | E8: Fixed Deposit | F8: 44582 | G8: 461000 | H8: Active
A9: 1007 | B9: Yousef Hassan | C9: Tulkarm | D9: SME | E9: Current | F9: 44054 | G9: 28000 | H9: Active
A10: 1008 | B10: Dina Saleh | C10: Nablus | D10: Retail | E10: Fixed Deposit | F10: 43959 | G10: 201000 | H10: Active
A11: 1009 | B11: Dina Younes | C11: Hebron | D11: Retail | E11: Current | F11: 44655 | G11: 30000 | H11: Active
A12: 1010 | B12: Hala Hassan | C12: Nablus | D12: SME | E12: Fixed Deposit | F12: 43232 | G12: 137000 | H12: Active
A13: 1011 | B13: Rana Salameh | C13: Tulkarm | D13: Retail | E13: Loan | F13: 44389 | G13: -188000 | H13: Active
... A321: 1319 | B321: Tariq Hassan | C321: Nablus | D321: Retail | E321: Fixed Deposit | F321: 44452 | G321: 120000 | H321: Active

Sheet Transactions
A1: Month | B1: Branch | C1: Deposits ($) | D1: Withdrawals ($) | E1: Net Flow ($) | F1: # Transactions
A2: 45474 | B2: Ramallah | C2: 2845000 | D2: 2855000 | E2: =C2-D2 -> -10000 | F2: 1782
A3: 45474 | B3: Nablus | C3: 1854000 | D3: 2601000 | E3: =C3-D3 -> -747000 | F3: 2409
A4: 45474 | B4: Hebron | C4: 2687000 | D4: 1289000 | E4: =C4-D4 -> 1398000 | F4: 1842
A5: 45474 | B5: Bethlehem | C5: 1493000 | D5: 1173000 | E5: =C5-D5 -> 320000 | F5: 2400
A6: 45474 | B6: Jenin | C6: 1553000 | D6: 2820000 | E6: =C6-D6 -> -1267000 | F6: 640
A7: 45474 | B7: Tulkarm | C7: 2946000 | D7: 738000 | E7: =C7-D7 -> 2208000 | F7: 704
A8: 45505 | B8: Ramallah | C8: 998000 | D8: 626000 | E8: =C8-D8 -> 372000 | F8: 2089
A9: 45505 | B9: Nablus | C9: 1363000 | D9: 3183000 | E9: =C9-D9 -> -1820000 | F9: 1347
A10: 45505 | B10: Hebron | C10: 1078000 | D10: 1218000 | E10: =C10-D10 -> -140000 | F10: 437
A11: 45505 | B11: Bethlehem | C11: 1695000 | D11: 2671000 | E11: =C11-D11 -> -976000 | F11: 2267
A12: 45505 | B12: Jenin | C12: 2328000 | D12: 847000 | E12: =C12-D12 -> 1481000 | F12: 2379
A13: 45505 | B13: Tulkarm | C13: 3500000 | D13: 2598000 | E13: =C13-D13 -> 902000 | F13: 464
... A73: 45809 | B73: Tulkarm | C73: 2160000 | D73: 3140000 | E73: =C73-D73 -> -980000 | F73: 1956

Sheet Calc
A1: Branch | B1: Total Balance | C1: Accounts | E1: Account Type | F1: Total Balance | H1: Segment | I1: Accounts | K1: Month | L1: Deposits | M1: Withdrawals | O1: Branch | P1: Deposits | Q1: Loans | R1: LDR
A2: Ramallah | B2: =SUMIFS(Accounts!$G:$G,Accounts!$C:$C,A2) -> 5659000 | C2: =COUNTIFS(Accounts!$C:$C,A2) -> 55 | E2: Savings | F2: =SUMIFS(Accounts!$G:$G,Accounts!$E:$E,E2) -> 18958000 | H2: Retail | I2: =COUNTIFS(Accounts!$D:$D,H2) -> 179 | K2: 45474 | L2: =SUMIFS(Transactions!$C:$C,Transactions!$A:$A,K2) -> 13378000 | M2: =SUMIFS(Transactions!$D:$D,Transactions!$A:$A,K2) -> 11476000 | O2: Ramallah | P2: =SUMIFS(Accounts!$G:$G,Accounts!$C:$C,O2,Accounts!$G:$G,">0") -> 7316000 | Q2: =-SUMIFS(Accounts!$G:$G,Accounts!$C:$C,O2,Accounts!$E:$E,"Loan") -> 1657000 | R2: =IF(P2=0,0,Q2/P2) -> 0.22648989
A3: Nablus | B3: =SUMIFS(Accounts!$G:$G,Accounts!$C:$C,A3) -> 6747000 | C3: =COUNTIFS(Accounts!$C:$C,A3) -> 45 | E3: Current | F3: =SUMIFS(Accounts!$G:$G,Accounts!$E:$E,E3) -> 9852000 | H3: SME | I3: =COUNTIFS(Accounts!$D:$D,H3) -> 93 | K3: 45505 | L3: =SUMIFS(Transactions!$C:$C,Transactions!$A:$A,K3) -> 10962000 | M3: =SUMIFS(Transactions!$D:$D,Transactions!$A:$A,K3) -> 11143000 | O3: Nablus | P3: =SUMIFS(Accounts!$G:$G,Accounts!$C:$C,O3,Accounts!$G:$G,">0") -> 7392000 | Q3: =-SUMIFS(Accounts!$G:$G,Accounts!$C:$C,O3,Accounts!$E:$E,"Loan") -> 645000 | R3: =IF(P3=0,0,Q3/P3) -> 0.087256494
A4: Hebron | B4: =SUMIFS(Accounts!$G:$G,Accounts!$C:$C,A4) -> 4439000 | C4: =COUNTIFS(Accounts!$C:$C,A4) -> 47 | E4: Fixed Deposit | F4: =SUMIFS(Accounts!$G:$G,Accounts!$E:$E,E4) -> 9563000 | H4: Corporate | I4: =COUNTIFS(Accounts!$D:$D,H4) -> 48 | K4: 45536 | L4: =SUMIFS(Transactions!$C:$C,Transactions!$A:$A,K4) -> 10551000 | M4: =SUMIFS(Transactions!$D:$D,Transactions!$A:$A,K4) -> 9964000 | O4: Hebron | P4: =SUMIFS(Accounts!$G:$G,Accounts!$C:$C,O4,Accounts!$G:$G,">0") -> 4960000 | Q4: =-SUMIFS(Accounts!$G:$G,Accounts!$C:$C,O4,Accounts!$E:$E,"Loan") -> 521000 | R4: =IF(P4=0,0,Q4/P4) -> 0.10504032
A5: Bethlehem | B5: =SUMIFS(Accounts!$G:$G,Accounts!$C:$C,A5) -> 5194000 | C5: =COUNTIFS(Accounts!$C:$C,A5) -> 53 | E5: Loan | F5: =SUMIFS(Accounts!$G:$G,Accounts!$E:$E,E5) -> -7312000 | K5: 45566 | L5: =SUMIFS(Transactions!$C:$C,Transactions!$A:$A,K5) -> 13716000 | M5: =SUMIFS(Transactions!$D:$D,Transactions!$A:$A,K5) -> 11446000 | O5: Bethlehem | P5: =SUMIFS(Accounts!$G:$G,Accounts!$C:$C,O5,Accounts!$G:$G,">0") -> 6399000 | Q5: =-SUMIFS(Accounts!$G:$G,Accounts!$C:$C,O5,Accounts!$E:$E,"Loan") -> 1205000 | R5: =IF(P5=0,0,Q5/P5) -> 0.18831067
A6: Jenin | B6: =SUMIFS(Accounts!$G:$G,Accounts!$C:$C,A6) -> 4433000 | C6: =COUNTIFS(Accounts!$C:$C,A6) -> 55 | K6: 45597 | L6: =SUMIFS(Transactions!$C:$C,Transactions!$A:$A,K6) -> 15678000 | M6: =SUMIFS(Transactions!$D:$D,Transactions!$A:$A,K6) -> 11485000 | O6: Jenin | P6: =SUMIFS(Accounts!$G:$G,Accounts!$C:$C,O6,Accounts!$G:$G,">0") -> 5873000 | Q6: =-SUMIFS(Accounts!$G:$G,Accounts!$C:$C,O6,Accounts!$E:$E,"Loan") -> 1440000 | R6: =IF(P6=0,0,Q6/P6) -> 0.24518985
A7: Tulkarm | B7: =SUMIFS(Accounts!$G:$G,Accounts!$C:$C,A7) -> 4589000 | C7: =COUNTIFS(Accounts!$C:$C,A7) -> 65 | K7: 45627 | L7: =SUMIFS(Transactions!$C:$C,Transactions!$A:$A,K7) -> 10936000 | M7: =SUMIFS(Transactions!$D:$D,Transactions!$A:$A,K7) -> 12330000 | O7: Tulkarm | P7: =SUMIFS(Accounts!$G:$G,Accounts!$C:$C,O7,Accounts!$G:$G,">0") -> 6433000 | Q7: =-SUMIFS(Accounts!$G:$G,Accounts!$C:$C,O7,Accounts!$E:$E,"Loan") -> 1844000 | R7: =IF(P7=0,0,Q7/P7) -> 0.28664698
K8: 45658 | L8: =SUMIFS(Transactions!$C:$C,Transactions!$A:$A,K8) -> 12791000 | M8: =SUMIFS(Transactions!$D:$D,Transactions!$A:$A,K8) -> 10488000
K9: 45689 | L9: =SUMIFS(Transactions!$C:$C,Transactions!$A:$A,K9) -> 12327000 | M9: =SUMIFS(Transactions!$D:$D,Transactions!$A:$A,K9) -> 12099000
K10: 45717 | L10: =SUMIFS(Transactions!$C:$C,Transactions!$A:$A,K10) -> 12073000 | M10: =SUMIFS(Transactions!$D:$D,Transactions!$A:$A,K10) -> 9510000
K11: 45748 | L11: =SUMIFS(Transactions!$C:$C,Transactions!$A:$A,K11) -> 14835000 | M11: =SUMIFS(Transactions!$D:$D,Transactions!$A:$A,K11) -> 11831000
K12: 45778 | L12: =SUMIFS(Transactions!$C:$C,Transactions!$A:$A,K12) -> 14178000 | M12: =SUMIFS(Transactions!$D:$D,Transactions!$A:$A,K12) -> 10125000
K13: 45809 | L13: =SUMIFS(Transactions!$C:$C,Transactions!$A:$A,K13) -> 13039000 | M13: =SUMIFS(Transactions!$D:$D,Transactions!$A:$A,K13) -> 13169000
